<?xml version="1.0"?>
<window type="window" id="14000">
    <defaultcontrol always="true">1000</defaultcontrol>
    <allowoverlay>no</allowoverlay>
    <onload lang="python">
<![CDATA[
]]>
    </onload>
    <controls>
        <control type="group">
            <animation type="WindowOpen">
                <effect type="fade" start="0" end="100" time="200" />
            </animation>
            <control type="image">
                <width>1280</width>
                <height>720</height>
                <texture>ba_background.png</texture>
            </control>
            <!--control type="image">
                <width>1280</width>
                <height>720</height>
                <texture>debuggrid.png</texture>
            </control-->
            <control type="label" id="14002">
                <posx>0</posx>
                <posy>0</posy>
                <font>font18</font>
                <aligny>center</aligny>
                <align>left</align>
                <textcolor>black</textcolor>
                <info>System.BuildVersion</info>
            </control>
        </control>


        <control type="group" id="100" >
            <control type="button" id="101">
                <ondown>1000</ondown>
                <onright>199</onright>
                <posy>23</posy>
                <posx>1030</posx>
                <width>130</width>
                <height>30</height>
                <label>Inställningar</label>
                <font>font14</font>
                <textcolor>white</textcolor>
                <focusedcolor>white</focusedcolor>
                <selectedcolor>white</selectedcolor>
                <align>center</align>
                <aligny>top</aligny>
                <textoffsety>8</textoffsety>
                <texturenofocus border="10">button_bg.png</texturenofocus>
                <texturefocus border="10">button.png</texturefocus>
                <alttexturefocus border="10">button.png</alttexturefocus>
                <alttexturenofocus border="10">button_alt.png</alttexturenofocus>
                <!--onclick>ActivateWindow(15000)</onclick-->
                <visible>False</visible>
            </control>
            <control type="edit" id="110">
                <ondown>1000</ondown>
                <onright>111</onright>
                <posy>23</posy>
                <posx>626</posx>
                <width>390</width>
                <height>30</height>
                <shadowcolor>gray</shadowcolor>
                <textcolor>grey</textcolor>
                <focusedcolor>black</focusedcolor>
                <texturefocus border="10">searchbar.png</texturefocus>
                <texturenofocus border="10">searchbar_nofocus.png</texturenofocus>
            </control>
            <control type="button" id="111">
                <ondown>1000</ondown>
                <onleft>110</onleft>
                <onright>199</onright>
                <posy>23</posy>
                <posx>1026</posx>
                <width>100</width>
                <height>30</height>
                <label>S�k Avsnitt</label>
                <font>font14</font>
                <textcolor>ffbcbdc0</textcolor>
                <focusedcolor>white</focusedcolor>
                <selectedcolor>white</selectedcolor>
                <align>center</align>
                <aligny>top</aligny>
                <textoffsety>4</textoffsety>
                <texturenofocus border="10">button_bg.png</texturenofocus>
                <texturefocus border="10">button.png</texturefocus>
                <alttexturefocus border="10">button.png</alttexturefocus>
                <alttexturenofocus border="10">button_alt.png</alttexturenofocus>
                <onclick lang="python"><![CDATA[actions.search()]]></onclick>
            </control>
            <control type="button" id="199">
                <ondown>1000</ondown>
                <onleft>111</onleft>
                <posy>23</posy>
                <posx>1138</posx>
                <width>80</width>
                <height>30</height>
                <label>X beta10</label>
                <font>font14</font>
                <textcolor>ffbcbdc0</textcolor>
                <focusedcolor>white</focusedcolor>
                <selectedcolor>white</selectedcolor>
                <align>center</align>
                <aligny>top</aligny>
                <textoffsety>4</textoffsety>
                <texturenofocus border="10">button_bg.png</texturenofocus>
                <texturefocus border="10">button.png</texturefocus>
                <alttexturefocus border="10">button.png</alttexturefocus>
                <alttexturenofocus border="10">button_alt.png</alttexturenofocus>
                <onclick lang="python"><![CDATA[mc.GetApp().Close()]]></onclick>
            </control>
        </control>
        <control type="group" ID="999">
            <control type="list" id="1000">
                <description>Categories</description>
                <posy>73</posy>
                <posx>20</posx>
                <width>1200</width>
                <height>40</height>
                <orientation>horizontal</orientation>
                <ondown>2000</ondown>
                <onup>110</onup>
                <content type="action">
                    <onclick lang="python">
                        <![CDATA[actions.loadPrograms()]]>
                    </onclick>
                </content>
                <itemlayout width="200">
                    <control type="group">
                        <width>200</width>
                        <control type="image">
                            <width>190</width>
                            <height>40</height>
                            <posx>5</posx>
                            <posy>0</posy>
                            <texture>button_bg.png</texture>
                            <fadetime>100</fadetime>
                        </control>
                        <control type="label">
                            <width>190</width>
                            <height>40</height>
                            <posx>100</posx>
                            <posy>4</posy>
                            <align>center</align>
                            <aligny>top</aligny>
                            <textcolor>white</textcolor>
                            <font>font20</font>
                            <info>ListItem.Label</info>
                        </control>
                    </control>
                </itemlayout>
                <focusedlayout width="200">
                    <control type="group">
                        <control type="image">
                            <width>190</width>
                            <height>40</height>
                            <posx>5</posx>
                            <posy>0</posy>
                            <texture>button.png</texture>
                            <visible>Control.HasFocus(1000)</visible>
                            <fadetime>100</fadetime>
                        </control>
                        <control type="image">
                            <width>190</width>
                            <height>40</height>
                            <posx>5</posx>
                            <posy>0</posy>
                            <texture>button_alt.png</texture>
                            <fadetime>100</fadetime>
                        </control>
                        <control type="label">
                            <width>190</width>
                            <height>40</height>
                            <posx>100</posx>
                            <posy>4</posy>
                            <align>center</align>
                            <aligny>top</aligny>
                            <textcolor>white</textcolor>
                            <font>font20</font>
                            <info>ListItem.Label</info>
                        </control>
                    </control>
                </focusedlayout>
            </control>

            <control type="list" id="2000">
                <description>Programs</description>
                <posx>25</posx>
                <posy>135</posy>
                <width>350</width>
                <height>550</height>
                <visible>true</visible>
                <onup>1000</onup>
                <onleft>1000</onleft>
                <onright>3001</onright>
                <content type="action">
                    <onclick lang="python"><![CDATA[
actions.loadEpisodes()
]]>
                    </onclick>
                </content>

                <viewtype label="3D list">list</viewtype>
                <orientation>vertical</orientation>
                <scrolltime>200</scrolltime>
                <itemlayout width="350" height="70">
                    <control type="image">
                        <posx>0</posx>
                        <posy>0</posy>
                        <width>100</width>
                        <height>70</height>
                        <info>ListItem.Icon</info>
                    </control>
                    <control type="label">
                        <posx>120</posx>
                        <posy>0</posy>
                        <width>230</width>
                        <height>70</height>
                        <font>font18</font>
                        <aligny>center</aligny>
                        <selectedcolor>white</selectedcolor>
                        <align>left</align>
                        <info>ListItem.Label</info>
                    </control>
                </itemlayout>
                <focusedlayout height="70" width="350">
                    <control type="image">
                        <posx>0</posx>
                        <posy>0</posy>
                        <width>100</width>
                        <height>70</height>
                        <info>ListItem.Icon</info>
                    </control>
                    <control type="image">
                        <posx>110</posx>
                        <posy>15</posy>
                        <width>240</width>
                        <height>40</height>
                        <texture>button.png</texture>
                        <visible>Control.HasFocus(2000)</visible>
                    </control>
                    <control type="image">
                        <posx>110</posx>
                        <posy>15</posy>
                        <width>240</width>
                        <height>40</height>
                        <texture>button_alt.png</texture>
                    </control>
                    <control type="label">
                        <posx>120</posx>
                        <posy>0</posy>
                        <width>230</width>
                        <height>70</height>
                        <font>font18</font>
                        <aligny>center</aligny>
                        <selectedcolor>white</selectedcolor>
                        <align>left</align>
                        <info>ListItem.Label</info>
                    </control>
                </focusedlayout>
            </control>

            <control type="panel" id="3001">
                <posx>400</posx>
                <posy>135</posy>
                <height>592</height>
                <width>800</width>
                <scrolltime>200</scrolltime>
                <orientation>vertical</orientation>
                <onleft>2000</onleft>
                <onup>1000</onup>
                <content type="action">
                    <!--onclick lang="python"><![CDATA[
actions.playVideo()
]]>
                    </onclick-->
                </content>
                <itemlayout width="180" height="180">
                    <control type="image">
                        <width>178</width>
                        <height>165</height>
                        <texture>video_dark_bg.png</texture>
                    </control>
                    <control type="image">
                        <visible>IsEmpty(ListItem.Thumb)</visible>
                        <posx>5</posx>
                        <posy>5</posy>
                        <width>168</width>
                        <height>95</height>
                        <aspectratio>stretch</aspectratio>
                        <texture>video_nothumb.png</texture>
                    </control>
                    <control type="image">
                        <visible>!IsEmpty(ListItem.Thumb)</visible>
                        <posx>5</posx>
                        <posy>5</posy>
                        <width>168</width>
                        <height>95</height>
                        <aspectratio>stretch</aspectratio>
                        <info>ListItem.Thumb</info>
                    </control>
                    <control type="label">
                        <posx>5</posx>
                        <posy>105</posy>
                        <width>175</width>
                        <height>70</height>
                        <font>font21sq</font>
                        <selectedcolor>red</selectedcolor>
                        <wrapmultiline>true</wrapmultiline>
                        <info>ListItem.Label</info>
                    </control>
                </itemlayout>
                <focusedlayout width="180" height="180">
                    <control type="image">
                        <width>178</width>
                        <height>165</height>
                        <texture>video_dark_bg.png</texture>
                    </control>
                    <control type="image">
                        <animation effect="fade" start="0" end="100" time="300" delay="0" reversable="true">Focus</animation>
                        <animation effect="fade" start="100" end="0" time="300" delay="0" reversable="true">UnFocus</animation>
                        <width>178</width>
                        <height>105</height>
                        <texture>video_search.png</texture>
                    </control>
                    <control type="image">
                        <visible>!IsEmpty(ListItem.Thumb)</visible>
                        <posx>5</posx>
                        <posy>5</posy>
                        <width>168</width>
                        <height>95</height>
                        <aspectratio>stretch</aspectratio>
                        <info>ListItem.Thumb</info>
                    </control>
                    <control type="image">
                        <visible>IsEmpty(ListItem.Thumb)</visible>
                        <posx>5</posx>
                        <posy>5</posy>
                        <width>168</width>
                        <height>95</height>
                        <aspectratio>stretch</aspectratio>
                        <texture>video_nothumb.png</texture>
                    </control>
                    <control type="label">
                        <posx>5</posx>
                        <posy>105</posy>
                        <width>175</width>
                        <height>60</height>
                        <font>font21sq</font>
                        <selectedcolor>red</selectedcolor>
                        <wrapmultiline>true</wrapmultiline>
                        <info>ListItem.Label</info>
                    </control>
                </focusedlayout>
            </control>
        </control>
    </controls>
</window>

