<app>
  <id>tv.boxeeplay.svtplay</id>
  <name>SVTPlay</name>
  <version>2.0</version>
  <description>Alla program från SVTPlay i din Boxee Box! beta 3</description>
  <thumb>http://www.boxeeplay.tv/images/svtplay.png</thumb>
  <repository>http://www.boxeeplay.tv/apps</repository>
  <media>video</media>
  <copyright>none</copyright>
  <email>boxeeplay@hypernode.se</email>
  <type>skin</type>
  <startWindow>start</startWindow>
  <platform>all</platform>
  <minversion>0.9.21</minversion>
</app>


